idOcupacion,desc_ocupacion,activo
1,ABANDERADO (A),True
2,ABASTECEDOR DE ANAQUEL EN TIENDAS DE AUTOSERVICIO,True
3,ABOGADO Y ASESOR LEGAL,True
4,ACABADOR Y REPARADOR DE MUEBLES,True
5,ACTOR,True
6,ACTUARIO DE JUZGADO,True
7,ADMINISTRADOR AGRÍCOLA,True
8,ADMINISTRADOR AVÍCOLA Y GANADERO,True
9,ADMINISTRADOR DE INVERNADEROS Y VIVEROS,True
10,ADMINISTRADOR DE UNIDADES DE PRODUCCIÓN ACUÍCOLA,True
11,AGENTE ADUANAL,True
12,AGENTE DE BIENES RAICES,True
13,AGENTE DE SEGUROS ,True
14,AGENTE DE TRANSITO,True
15,AGENTE FISCAL,True
16,"AGENTE DE VALORES, PROMOTOR Y CORREDOR DE INVERSIÓN",True
17,AGENTE Y CORREDOR DE SEGUROS Y FIANZAS,True
18,AGRICULTOR,True
19,AJUSTADOR E INSTALADOR DE MOTORES ELÉCTRICOS INDUSTRIALES Y TRANSFORMADORES,True
20,AJUSTADOR MATRICERO,True
21,"AJUSTADOR, ANALISTA Y SUSCRIPTOR DE SEGUROS",True
22,ALBAÑIL,True
23,ALPINISTA,True
24,AMA DE CASA,True
25,AMAESTRADOR DE ANIMALES,True
26,ANALISTA FINANCIERO Y DE INVERSIONES,True
27,ANAQUELERO,True
28,ANIMADOR RECREATIVOS,True
29,APICULTOR,True
30,ARBITRO,True
31,"ARGUMENTISTA Y ADAPTADOR EN CINE, TELEVISIÓN, RADIO Y TEATRO",True
32,ARTESANO,True
33,ARTISTA PLÁSTICO,True
34,ASISTENTE DE BIBLIOTECA,True
35,ASISTENTE DE INVESTIGADORES,True
36,ASISTENTE DE PATÓLOGOS,True
37,"ASISTENTE DE PRODUCCIÓN DE CINE, RADIO Y TELEVISIÓN",True
38,ASISTENTE DE PROFESOR DE EDUCACIÓN PREESCOLAR Y DE JARDÍN DE NIÑOS,True
39,"ASISTENTE DE VESTUARIO Y ESCENOGRAFÍA EN CINE, TELEVISIÓN Y TEATRO",True
40,ASISTENTE EJECUTIVOS,True
41,ASISTENTE TÉCNICOS EN MUSEOS Y GALERÍAS,True
42,ASISTENTE Y PREFECTOS DE EDUCACIÓN PRIMARIA Y SECUNDARIA,True
43,ATLETA,True
44,AUDIOLOGISTA Y PATOLOGISTA DEL LENGUAJE ORAL,True
45,AUXILIAR CONTABLE Y FISCAL,True
46,AUXILIAR DE ARCHIVO Y REGISTROS,True
47,AUXILIAR DE DEPÓSITO DE CADÁVERES,True
48,AUXILIAR DE ENFERMERÍA,True
49,AUXILIAR DE PROTESISTAS DENTALES,True
50,AUXILIAR DE RAMPA EN TRANSPORTE AÉREO,True
51,AUXILIAR DE SERVICIO DE ALIMENTOS Y BEBIDAS,True
52,AUXILIAR DE TRANSPORTE FERROVIARIO,True
53,AUXILIAR DENTALES,True
54,AUXILIAR EN EL PROCESAMIENTO DE MINERALES NO METÁLICOS,True
55,AUXILIAR EN LA FABRICACIÓN DE METALES,True
56,AUXILIAR EN LA FABRICACIÓN DE PRODUCTOS METÁLICOS Y DE HULE Y PLÁSTICOS,True
57,AUXILIAR HOSPITALARIO Y DE MEDICINA ELEMENTAL,True
58,AUXILIAR POSTAL Y DOCUMENTADOR,True
59,AYUDANTE DE AUTOTRANSPORTE,True
60,AYUDANTE DE CONSTRUCCIÓN,True
61,AYUDANTE DE FARMACIA,True
62,AYUDANTE DE IMPRENTA,True
63,AYUDANTE DE PLOMEROS E INSTALADORES DE TUBERÍAS,True
64,AYUDANTE DE PROFESORES UNIVERSITARIOS,True
65,AYUDANTE DE TÉCNICOS DE REDES PÚBLICAS DE TELECOMUNICACIONES Y SISTEMA DE TELEVISIÓN POR CABLE,True
66,AYUDANTE EN LA FABRICACIÓN DE MUEBLES,True
67,AYUDANTE EN LA FABRICACIÓN DE PRODUCTOS DE HULE Y PLÁSTICO,True
68,AYUDANTE EN LA FABRICACIÓN DE PRODUCTOS ELÉCTRICOS Y ELECTRÓNICOS,True
69,AYUDANTE EN LA PERFORACIÓN DE POZOS DE PETRÓLEO Y GAS NATURAL,True
70,AYUDANTE EN LA REFINACIÓN DE PETRÓLEO CRUDO,True
71,AYUDANTE EN MINAS,True
72,AYUDANTE GENERAL DE OPERACIÓN DE CENTRALES ELÉCTRICAS,True
73,BAILARIN(A),True
74,BARMAN,True
75,BASQUETBOLISTA,True
76,BIÓLOGO Y CIENTÍFICO RELACIONADO,True
77,BOLERO,True
78,BOMBERO,True
79,BOTONES,True
80,BOXEADOR,True
81,CAFETALERO,True
82,CAJERO DE SERVICIOS FINANCIEROS,True
83,CAJERO REGISTRADORES,True
84,CAJISTA DE COMPOSICIÓN MANUAL,True
85,CAMARISTA Y ASEADOR,True
86,CANTANTE,True
87,CANTINERO,True
88,CAPACITADOR E INSTRUCTOR,True
89,CAPITAN DE BOTONES,True
90,CAPORAL,True
91,CARNICERO,True
92,"CARNICERO INDUSTRIAL Y CORTADOR DE CARNE DE GANADO BOVINO, PORCINO Y AVES DE CORRAL",True
93,CARPINTERO,True
94,CARPINTERO Y ENSAMBLADOR DE PRODUCTOS DE MADERA,True
95,CARTERO,True
96,"CATADOR Y CLASIFICADOR DE ALIMENTOS, BEBIDAS Y TABACO",True
97,CELADOR,True
98,CENADOR,True
99,CERRAJERO,True
100,CHAPISTA Y CALDERERO,True
101,CHICLERO,True
102,CHOFER,True
103,CINEASTA,True
104,CIRQUERO,True
105,CIRUJANO DENTISTA,True
106,CLASIFICADORE DE MADERA,True
107,COCINERO(A),True
108,COLOCADOR DE ACABADOS EN PISOS Y PAREDES,True
109,COLOCADOR DE AZULEJOS Y MOSAICOS,True
110,COLOCADOR DE MATERIAL AISLANTE,True
111,COLOCADOR DE PRODUCTOS PREFABRICADOS EN INMUEBLES,True
112,COMERCIANTE,True
113,COMPOSITOR Y ARREGLISTA,True
114,COMPROBADOR E INSPECTOR DE PRUEBAS NO DESTRUCTIVAS,True
115,"CONDUCTOR DE AUTOBUSES, CAMIONES Y TROLEBUSES",True
116,CONDUCTOR DE AUTOMÓVILES Y CAMIONETAS,True
117,CONDUCTOR DE CAMIONES DE CARGA,True
118,CONDUCTOR DE EMBARCACIONES,True
119,CONDUCTOR REPARTIDOR,True
120,CONDUCTOR Y OPERADOR DE TREN SUBTERRÁNEO Y DE TREN LIGERO,True
121,CONSEJERO DE EMPLEO,True
122,CONSEJERO DE VIAJES,True
123,CONSEJERO Y ORIENTADOR ESCOLAR,True
124,CONSERVADOR DE MUSEOS Y GALERÍAS DE ARTE,True
125,CONSTRUCTOR Y AFINADOR DE INSTRUMENTOS MUSICALES,True
126,CONSULTOR EN SISTEMAS ADMINISTRATIVOS,True
127,CONSULTOR Y ESPECIALISTA AGRÍCOLA Y SILVÍCOLA,True
128,CONSULTOR Y ESPECIALISTA AVÍCOLA Y GANADERO,True
129,CONTADOR Y AUDITOR,True
130,CONTROLADOR DE TRÁFICO DE TRENES,True
131,COORDINADOR DE OPERACIONES EN AGENCIAS DE VIAJES,True
132,COORDINADOR Y SUPERVISOR DE INFORMÁTICA,True
133,COORDINADOR Y SUPERVISOR EN SERVICIOS DE TRANSPORTE AÉREO,True
134,CORRECTOR DE PRUEBAS DE IMPRENTA,True
135,"CORTADOR DE TELA, PIEL Y CUERO",True
136,CORTADOR Y LIMPIADOR DE PESCADOS Y MARISCOS,True
137,CORTADOR Y TRAZADOR DE VIDRIO,True
138,CRIADOR DE AVES Y GANADO,True
139,CRISTALERO,True
140,"CUIDADOR DE NIÑOS, CONVALECIENTES Y ANCIANOS",True
141,CURANDERO,True
142,CUSTODIO DE CORRECCIONALES,True
143,DECORADOR DE INTERIORES,True
144,DESARROLLADOR DE SISTEMAS INFORMATICOS,True
145,DESPACHADOR DE GASOLINERA,True
146,DESPACHADOR DE VEHÍCULOS,True
147,DESPACHADOR DE VUELO Y ESPECIALISTA EN SERVICIOS AÉREOS,True
148,DETECTIVE PRIVADOS,True
149,DIBUJANTE,True
150,DIBUJANTE TÉCNICO PROYECTISTA,True
151,DIETISTA Y NUTRIÓLOGO,True
152,DIPUTADO ,True
153,DIRECTOR ARTÍSTICO,True
154,"DIRECTOR DE BIBLIOTECA, ARCHIVO, MUSEO Y GALERÍA DE ARTE",True
155,DIRECTOR DE ESCUELA PRIMARIA Y DE EDUCACIÓN SECUNDARIA,True
156,DIRECTOR DE ESCUELAS DE FORMACIÓN PROFESIONAL,True
157,DIRECTOR DE FACULTAD,True
158,DIRECTOR DE FUNERARIA,True
159,DIRECTOR DE INSTITUCIONES EN EL CUIDADO DE LA SALUD,True
160,DIRECTOR DE ORQUESTA,True
161,DIRECTOR EN EL DESARROLLO DE POLÍTICA EDUCATIVA Y ADMINISTRACIÓN DE PROGRAMAS,True
162,"DIRECTOR EN SERVICIOS SOCIALES, COMUNITARIOS Y CORRECCIONALES",True
163,DIRECTOR GENERAL DE COMERCIALIZACIÓN,True
164,DIRECTOR GENERAL DE COMPAÑÍA MINERA,True
165,DIRECTOR GENERAL DE EDUCACIÓN,True
166,DIRECTOR GENERAL DE PRODUCCIÓN ARTÍSTICA,True
167,DIRECTOR GENERAL DE SERVICIOS DE AUTOTRANSPORTE,True
168,DIRECTOR GENERAL DE SERVICIOS DE TRANSPORTACIÓN MARÍTIMA O FLUVIAL,True
169,DIRECTOR GENERAL DE SERVICIOS DE TRANSPORTE FERROVIARIO O ELÉCTRICO,True
170,DIRECTOR GUBERNAMENTAL EN LA PLANEACIÓN DE LA SALUD Y DESARROLLO DE LA POLÍTICA SOCIAL,True
171,"DIRECTOR Y GERENTE DE ASEGURADORAS, INMOBILIARIAS Y CASAS DE BOLSA",True
172,DIRECTOR Y GERENTE DE CONTABILIDAD,True
173,DIRECTOR Y GERENTE DE FINANZAS,True
174,DIRECTOR Y GERENTE DE PUBLICIDAD,True
175,DIRECTOR Y GERENTE DE RECURSOS HUMANOS,True
176,DIRECTOR Y GERENTE DE SISTEMAS DE INFORMACIÓN Y PROCESAMIENTO DE DATOS,True
177,DIRECTOR Y GERENTE GENERALES ADMINISTRATIVOS,True
178,DIRECTOR Y GERENTE GENERALES DE EMPRESAS PROCESADORAS DE ALIMENTOS Y BEBIDAS,True
179,DIRECTOR Y GERENTE GENERALES DE SERVICIOS DE TRANSPORTACIÓN AÉREA,True
180,DISEÑADOR DE REDES PÚBLICAS DE TELECOMUNICACIONES,True
181,"DISEÑADOR DE VESTUARIO DE CINE, TELEVISIÓN Y TEATRO",True
182,DISEÑADOR GRÁFICO,True
183,EBANISTA,True
184,"ECONOMISTA, INVESTIGADOR Y ANALISTA DE LA POLÍTICA ECONÓMICA",True
185,EDECAN,True
186,EDITOR,True
187,ELECTRICISTA,True
188,ELECTRICISTA INDUSTRIAL,True
189,ELECTROMECÁNICO,True
190,EMBALSAMADORE,True
191,EMPACADOR,True
192,EMPACADOR DE MERCANCÍAS,True
193,EMPLEADA DOMESTICA ,True
194,EMPLEADO DE GOBIERNO,True
195,EMPLEADO DE GOBIERNO ESTATAL,True
196,EMPLEADO DE GOBIERNO FEDERAL,True
197,EMPLEADO DE GOBIERNO MUNICIPAL,True
198,EMPLEADO DE MOSTRADOR,True
199,EMPLEADO ADMINISTRATIVO DE PRODUCCIÓN,True
200,EMPLEADO DE CONTROL DE ALMACÉN E INVENTARIOS,True
201,EMPLEADO DE RECEPCIÓN DE HOTEL,True
202,EMPLEADO DE TINTORERÍA Y LAVANDERÍA,True
203,EMPLEADO DE VENTA Y/O RENTA DE BIENES O SERVICIOS,True
204,ENCARGADO DE PLANTAS DE SAL,True
205,ENCUADERNADOR MANUAL,True
206,ENCUESTADOR Y CODIFICADOR,True
207,ENFERMERA,True
208,ENFERMERA ESPECIALISTA,True
209,ENSAMBLADOR DE ARTÍCULOS METÁLICOS MENORES,True
210,ENSAMBLADOR DE EMBARCACIONES,True
211,ENSAMBLADOR DE EQUIPOS Y COMPONENTES ELECTRÓNICOS,True
212,ENSAMBLADOR DE PRODUCTOS DE HULE,True
213,ENSAMBLADOR DE PRODUCTOS MECÁNICOS,True
214,ENSAMBLADOR DE VEHÍCULOS AUTOMOTORES,True
215,ENSAMBLADOR Y ACABADOR DE PRODUCTOS DE PLÁSTICO,True
216,ENTRENADOR,True
217,ENTRENADOR O INSTRUCTOR EN DEPORTE Y RECREACIÓN,True
218,"ESCENÓGRAFO Y AMBIENTADOR DE CINE, TELEVISIÓN Y TEATRO",True
219,ESCOLTA,True
220,ESCRITOR,True
221,ESCULTOR,True
222,ESPECIALISTA EN MEDICINA EXPERIMENTAL,True
223,ESTETICISTA Y MASAJISTA,True
224,ESTIBADOR,True
225,ESTILISTA,True
226,ESTUDIANTE ,True
227,EXPENDEDOR DE BOLETOS DE VIAJE,True
228,EXPENDEDOR DE CARNE Y SUS DERIVADOS,True
229,FABRICANTE DE HERRAMIENTAS Y TROQUELES,True
230,FARMACÉUTICO,True
231,FEDERAL DE CAMINOS,True
232,FÍSICO ASTRÓNOMO,True
233,FISIOTERAPÉUTA Y QUIROPRÁCTICO,True
234,FONTANERO,True
235,FORMADOR DE HILO DE FIBRA DE VIDRIO,True
236,FOTOGRABADOR,True
237,FOTOGRAFO,True
238,FUMIGADOR DE PLAGAS,True
239,FUNCIONARIO DE TRIBUNALES,True
240,GACERO,True
241,"GEÓLOGO, GEOQUÍMICO, GEOFÍSICO Y GEÓGRAFO",True
242,GERENTE BANCARIO,True
243,GERENTE DE ABASTECIMIENTO Y RECOLECCIÓN DE AGUA,True
244,GERENTE DE CONSTRUCCIÓN,True
245,GERENTE DE ESTABLECIMIENTO COMERCIAL,True
246,GERENTE DE MANTENIMIENTO DE MÁQUINAS Y EQUIPOS MECÁNICOS Y ELECTROMECÁNICOS,True
247,GERENTE DE MANTENIMIENTO DE VEHÍCULOS DE TRANSPORTE,True
248,GERENTE DE PLANTAS POTABILIZADORAS Y DE TRATAMIENTO,True
249,GERENTE DE PRODUCCIÓN,True
250,GERENTE DE PRODUCCIÓN PRIMARIA,True
251,GERENTE DE PROYECTOS ARQUITECTÓNICOS,True
252,GERENTE DE SERVICIO DE DISTRIBUCIÓN DE ENERGÍA ELÉCTRICA,True
253,GERENTE DE SERVICIOS DE ALIMENTOS Y BEBIDAS,True
254,GERENTE DE SERVICIOS DE ALOJAMIENTO,True
255,GERENTE DE SERVICIOS DE CORREO Y/O MENSAJERÍA,True
256,GERENTE DE TRANSPORTE,True
257,GERENTE DE VENTAS,True
258,GESTOR LEGAL,True
259,GRABADOR AL AGUA FUERTE,True
260,GUIA DE TURISTA,True
261,GUÍA DE EXCURSIONES,True
262,GUÍA ECOTURÍSTICO,True
263,HERRERO,True
264,HERRERO-FORJADOR,True
265,HIGIENISTA DEL TRABAJO,True
266,HIGIENISTA Y TERAPEUTAS DENTALES,True
267,HOJALATERO,True
268,"ILUMINADOR DE CINE, TELEVISIÓN Y TEATRO",True
269,INGENIERO CIVIL Y DE CONSTRUCCIÓN,True
270,INGENIERO ELECTRICISTAS,True
271,INGENIERO ELECTRÓNICOS,True
272,INGENIERO EN COMPUTACIÓN,True
273,INGENIERO EN EL PROCESAMIENTO DE ALIMENTOS,True
274,INGENIERO EN TELECOMUNICACIONES,True
275,INGENIERO INDUSTRIALES Y DE PRODUCCIÓN,True
276,INGENIERO MECÁNICOS DE VEHÍCULOS DE TRANSPORTE,True
277,INGENIERO MECÁNICOS INDUSTRIALES,True
278,INGENIERO METALÚRGICOS Y DE MATERIALES,True
279,INGENIERO MINEROS,True
280,INGENIERO PETROLEROS,True
281,INGENIERO QUÍMICOS,True
282,INHALOTERAPEUTA,True
283,INSPECTOR DE CONSTRUCCIÓN,True
284,INSPECTOR DE CONTROL DE CALIDAD DE MUEBLES Y ACCESORIOS,True
285,INSPECTOR DE EDUCACIÓN PRIMARIA Y SECUNDARIA,True
286,"INSPECTOR DE ENSAMBLES, PARTES Y COMPONENTES ELECTRÓNICOS",True
287,INSPECTOR DE MAQUINADO Y PREPARACIÓN DE MÁQUINAS-HERRAMIENTA,True
288,INSPECTOR DE MOTORES Y TRANSFORMADORES ELÉCTRICOS E INDUSTRIALES,True
289,INSPECTOR DE OTROS PRODUCTOS,True
290,"INSPECTOR DE PRODUCTOS DE HULE, CAUCHO Y PLÁSTICO",True
291,"INSPECTOR DE SALUD AMBIENTAL, SANIDAD Y DEL TRABAJO",True
292,INSPECTOR DE TRANSPORTE DE CARGA Y DE PASAJEROS,True
293,INSPECTOR DE TRANSPORTE FERROVIARIO,True
294,INSPECTOR EN LA FABRICACIÓN DE APARATOS ELÉCTRICOS,True
295,INSPECTOR FISCAL Y DE PRECIOS,True
296,"INSPECTOR SANITARIO Y DE CONTROL DE CALIDAD DE PRODUCTOS CÁRNICOS, PESQUEROS Y AGRÍCOLAS",True
297,INSPECTOR Y CLASIFICADOR EN EL PROCESAMIENTO DE LA MADERA,True
298,"INSPECTOR Y PROBADOR DE INSTRUMENTOS, APARATOS Y EQUIPOS ELÉCTRICOS",True
299,"INSPECTOR Y PROBADOR DE PRODUCTOS MANUFACTURADOS A BASE DE TELA, PIEL Y CUERO",True
300,INSPECTOR Y PROBADOR DE VEHÍCULOS AUTOMOTORES,True
301,INSPECTOR Y PROBADOR DEL PROCESAMIENTO DE METALES,True
302,INSPECTOR Y PROBADOR DEL PROCESAMIENTO DE MINERALES,True
303,"INSPECTOR, CLASIFICADOR Y PROBADOR TEXTILES",True
304,INSTALADOR ELÉCTRICO Y CABLEADOR,True
305,INSTALADOR Y REPARADOR DE EQUIPOS Y ACCESORIOS DE TELECOMUNICACIONES,True
306,INSTALADOR Y REPARADOR DE LÍNEAS DE TELECOMUNICACIONES,True
307,INSTALADOR Y REPARADOR DE LÍNEAS ELÉCTRICAS,True
308,INSTRUCTOR DE AEROBICS,True
309,INSTRUCTOR EN LA CONDUCCIÓN DE VEHÍCULOS AUTOMOTORES,True
310,INTÉRPRETE,True
311,"INVESTIGADOR DEL SISTEMA EDUCATIVO Y CONSULTOR DE PROGRAMA ""DE EDUCACIÓN MEDIA""",True
312,INVESTIGADOR Y CONSULTOR EN DESARROLLO ECONÓMICO Y MERCADOTECNIA,True
313,JARDINERO,True
314,JEFA DE ENFERMERAS,True
315,JEFE DE COCINA,True
316,JEFE DE CUERPO DE BOMBEROS,True
317,JEFE DE ESTACIÓN,True
318,JEFE DE LIMPIEZA,True
319,JEFE DE PATIO DE ASERRADERO,True
320,"JEFE DE REPARTO EN CINE, TELEVISIÓN, RADIO Y TEATRO",True
321,JEFE DE RESTAURANTE Y BAR,True
322,JEFE DE SEGURIDAD PÚBLICA,True
323,"JEFE DE UNIDAD TÉCNICA ""STAFF"" EN CINE Y TELEVISIÓN",True
324,JEFE Y CONTROLADOR DE TRÁFICO MARÍTIMO,True
325,JEFE Y COORDINADOR DE COMPRAS,True
326,JEFE Y COORDINADOR DE FINANZAS,True
327,JEFE Y COORDINADOR DE PERSONAL Y RECLUTAMIENTO,True
328,JEFE Y COORDINADOR DE SEGURIDAD AÉREA,True
329,JEFE Y COORDINADOR DE SERVICIOS ADMINISTRATIVOS,True
330,JEFE Y SUPERVISOR DE CORREOS Y/O MENSAJERÍA,True
331,JOYERO,True
332,JOYERO Y ORFEBRE,True
333,JUEZ,True
334,LABORATORISTA,True
335,LABORATORISTA DE CERVEZA,True
336,LABORATORISTA DE CONTROL DE CALIDAD DE PRODUCTOS DE ARCILLA,True
337,"LOCUTOR, COMENTARISTA Y CRONISTA DE RADIO Y TELEVISIÓN",True
338,MAESTRO DE BAILE,True
339,MAESTRO DE CEREMONIA,True
340,MAESTRO DE OBRA,True
341,MAQUINISTA DE PATIO Y DE CAMINO,True
342,MARIMBERO,True
343,"MATEMÁTICO, ESTADÍSTICO Y ACTUARIO",True
344,MECANICO,True
345,MECÁNICO DE AERONAVES,True
346,MECÁNICO DE EQUIPO PESADO,True
347,MECÁNICO DE INSTRUMENTOS INDUSTRIALES,True
348,MECÁNICO DE VEHÍCULOS DE MOTOR,True
349,MECÁNICO INSTALADOR DE ELEVADORES Y ESCALERAS ELÉCTRICAS,True
350,MECÁNICO INSTALADOR DE MAQUINARIA INDUSTRIAL,True
351,MECÁNICO NAVAL,True
352,MECANÓGRAFO Y OPERADOR DE PROCESADOR DE TEXTOS,True
353,MÉDICO EN MEDICINA NATURAL,True
354,MÉDICO ESPECIALISTA,True
355,MÉDICO GENERAL Y FAMILIAR,True
356,MENSAJERO,True
357,MESERO,True
358,METEORÓLOGO,True
359,MINERO EN LA PRODUCCIÓN SUBTERRÁNEA,True
360,MODELO Y EDECAN,True
361,MODISTA(O),True
362,MOLDEADOR DE LÁMINAS Y TINACOS DE ASBESTO-CEMENTO,True
363,MOLDEADOR Y ACABADOR DE ARTÍCULOS DE VIDRIO DE MESA Y ORNATO,True
364,"MONTADOR DE APARATOS, MATERIALES Y EQUIPOS ELÉCTRICOS",True
365,MONTADOR DE ESTRUCTURAS METÁLICAS,True
366,MONTADOR DE MOTORES Y TRANSFORMADORES ELÉCTRICOS INDUSTRIALES,True
367,MUSICO,True
368,NIÑERA,True
369,NOTARIO PÚBLICO,True
370,OFICIAL DE ALBAÑILERÍA,True
371,OFICIAL DE CUBIERTA DE LA MARINA MERCANTE,True
372,OFICIAL DE MÁQUINAS DE LA MARINA MERCANTE,True
373,OFICIAL DE POLICÍA Y GUARDIAS DE SEGURIDAD,True
374,"OFICIAL, JUEZ Y ÁRBITRO DEPORTIVOS",True
375,OPERADOR DE ACUEDUCTOS Y EMISORES,True
376,OPERADOR DE CÁMARA DE FOTOMECÁNICA,True
377,OPERADOR DE CÁMARAS DE VÍDEO Y CINE,True
378,OPERADOR DE CASA DE BOMBAS (PETRÓLEO),True
379,OPERADOR DE CENTRALES ELÉCTRICAS,True
380,OPERADOR DE CONTROL AUTOMÁTICO EN LA ELABORACIÓN Y RECUBRIMIENTO DE PAPEL,True
381,OPERADOR DE CONTROL DE MÁQUINAS PROCESADORAS DE CAL Y CEMENTO,True
382,OPERADOR DE CONTROL DEL PROCESO DEL VIDRIO,True
383,OPERADOR DE CONTROL EN LA ELABORACIÓN Y RECUBRIMIENTO DE PAPEL,True
384,OPERADOR DE COSECHADORAS AUTOPROPULSADAS,True
385,OPERADOR DE EQUIPO DE BOMBEO EN SALINAS,True
386,OPERADOR DE EQUIPO DE CÓMPUTO,True
387,OPERADOR DE EQUIPO PESADO PARA LA CONSTRUCCIÓN (EXCEPTO GRÚAS),True
388,OPERADOR DE EQUIPOS AUXILIARES PARA PERFORACIÓN Y SERVICIO A POZOS PETROLEROS Y DE GAS NATURAL,True
389,OPERADOR DE EQUIPOS DE CONTROL CENTRAL PARA EL PROCESAMIENTO DE METALES,True
390,OPERADOR DE EQUIPOS DE CONTROL CENTRAL PARA EL PROCESAMIENTO DE MINERALES.,True
391,"OPERADOR DE EQUIPOS DE RADIODIFUSIÓN, TELEVISIÓN Y TELECOMUNICACIONES",True
392,OPERADOR DE EQUIPOS ESPECIALIZADOS PARA CONSTRUCCIÓN,True
393,OPERADOR DE EQUIPOS FABRICANTES DE COMPONENTES ELECTRÓNICOS,True
394,"OPERADOR DE EQUIPOS PARA LA CAPTACIÓN, TRATAMIENTO Y DISTRIBUCIÓN DE AGUA",True
395,OPERADOR DE EQUIPOS REFINADORES DE SAL,True
396,OPERADOR DE GRÚAS EN PROCESOS DE CONSTRUCCIÓN,True
397,OPERADOR DE MÁQUINA GRANEADORA,True
398,OPERADOR DE MAQUINADO DE PRECISIÓN,True
399,OPERADOR DE MAQUINARIA FORESTAL,True
400,OPERADOR DE MÁQUINAS ACABADORAS DE VIDRIO Y PRODUCTOS DE VIDRIO,True
401,OPERADOR DE MÁQUINAS AUTOMÁTICAS DE LAVANDERÍA Y TINTORERÍA,True
402,OPERADOR DE MÁQUINAS AUTOMÁTICAS DE MOLDEO POR INYECCIÓN,True
403,OPERADOR DE MÁQUINAS AUTOMÁTICAS DE PROCESOS MÚLTIPLES PARA FABRICAR PRODUCTOS METÁLICOS,True
404,OPERADOR DE MÁQUINAS AUTOMÁTICAS PROCESADORAS DE HULE,True
405,"OPERADOR DE MÁQUINAS BLANQUEADORAS, TEÑIDORAS Y ACABADORAS DE TEXTILES",True
406,OPERADOR DE MÁQUINAS CALANDRADORAS,True
407,OPERADOR DE MÁQUINAS DE ACABADO,True
408,OPERADOR DE MÁQUINAS DE ASERRADERO,True
409,OPERADOR DE MÁQUINAS DE CONTROL CENTRAL DE PROCESOS INDUSTRIALES PARA LA ELABORACIÓN DE ALIMENTOS Y BEBIDAS,True
410,"OPERADOR DE MÁQUINAS DE COSER TELA, PIEL, CUERO Y MATERIALES SINTÉTICOS",True
411,OPERADOR DE MÁQUINAS DE ENCUADERNACIÓN,True
412,OPERADOR DE MÁQUINAS DE FABRICACION DE PRODUCTOS DE CONCRETO,True
413,OPERADOR DE MÁQUINAS DE FORJAR,True
414,OPERADOR DE MÁQUINAS DE IMPRESION,True
415,OPERADOR DE MÁQUINAS DE OFICINA PARA LA REPRODUCCIÓN DE DOCUMENTOS,True
416,OPERADOR DE MÁQUINAS DE VAPOR,True
417,OPERADOR DE MÁQUINAS ELABORADORAS DE PRODUCTOS DEL TABACO,True
418,OPERADOR DE MÁQUINAS EN LA ELABORACIÓN DE ALIMENTOS Y BEBIDAS,True
419,OPERADOR DE MÁQUINAS EN PLANTAS QUÍMICAS Y FARMACOQUÍMICAS,True
420,OPERADOR DE MÁQUINAS FORMADORAS DE PRODUCTOS DE FIBRA DE VIDRIO,True
421,OPERADOR DE MÁQUINAS FORMADORAS DE VIDRIO,True
422,OPERADOR DE MÁQUINAS MEZCLADORAS AUTOMÁTICAS PARA FABRICAR PLÁSTICOS,True
423,OPERADOR DE MÁQUINAS MODELADORAS Y ACABADORAS DE PRODUCTOS DE ARCILLA,True
424,OPERADOR DE MÁQUINAS MOLDEADORAS Y ACABADORAS DE PIEDRA,True
425,OPERADOR DE MÁQUINAS MOLDEADORAS Y EXTRUSORAS DE PLÁSTICO,True
426,OPERADOR DE MÁQUINAS PARA BENEFICIAR CARBÓN MINERAL,True
427,OPERADOR DE MÁQUINAS PARA FABRICAR APARATOS ELÉCTRICOS,True
428,OPERADOR DE MÁQUINAS PARA FABRICAR ARTÍCULOS DE PAPEL Y CARTÓN,True
429,OPERADOR DE MÁQUINAS PARA FABRICAR CALZADO,True
430,"OPERADOR DE MÁQUINAS PARA FABRICAR DIVERSOS ARTÍCULOS DE METAL, HULE O PLÁSTICO",True
431,OPERADOR DE MÁQUINAS PARA FABRICAR LENTES DE CONTACTO,True
432,OPERADOR DE MÁQUINAS PARA FABRICAR LENTES ÓPTICAS,True
433,OPERADOR DE MÁQUINAS PARA LA PREPARACIÓN DE FIBRAS TEXTILES E HILADOS,True
434,OPERADOR DE MÁQUINAS PARA LABRAR Y FABRICAR PRODUCTOS DE MADERA,True
435,OPERADOR DE MÁQUINAS PARA SOLDAR,True
436,OPERADOR DE MÁQUINAS PARA TRABAJAR METALES,True
437,"OPERADOR DE MÁQUINAS PERFORADORAS DE CANTERAS, MINAS Y CONSTRUCCIÓN",True
438,OPERADOR DE MÁQUINAS PREPARADORAS DE PASTAS Y POLVOS ABRASIVOS,True
439,OPERADOR DE MÁQUINAS PROCESADORAS DE MADERA,True
440,OPERADOR DE MÁQUINAS PROCESADORAS DE METALES,True
441,OPERADOR DE MÁQUINAS PROCESADORAS DE MINERALES NO METÁLICOS,True
442,OPERADOR DE MÁQUINAS PROCESADORAS DE PRODUCTOS PESQUEROS,True
443,OPERADOR DE MÁQUINAS PROCESADORAS DE PULPA,True
444,OPERADOR DE MÁQUINAS RECUBRIDORAS DE METALES,True
445,OPERADOR DE MÁQUINAS SCANERS Y EQUIPOS DE PREPRENSA DIGITAL,True
446,OPERADOR DE MÁQUINAS TRANSPORTADORAS PARA PLACAS DE IMPRESIÓN,True
447,OPERADOR DE MÁQUINAS Y EQUIPOS EN LA REFINACIÓN DE MINERALES,True
448,OPERADOR DE MÁQUINAS Y EQUIPOS PARA LA PREPARACIÓN DE PASTA PARA PAPEL,True
449,OPERADOR DE MÁQUINAS Y EQUIPOS PARA PREPARAR CARNES,True
450,OPERADOR DE MÁQUINAS Y EQUIPOS PROCESADORES DE PAPEL,True
451,OPERADOR DE MÁQUINAS Y/O EQUIPOS DE EXTRACCIÓN MINERA,True
452,OPERADOR DE MÁQUINAS-HERRAMIENTAS,True
453,OPERADOR DE MOLDEADORAS DE TUBOS DE ASBESTO,True
454,OPERADOR DE PLANTAS DE TRATAMIENTO DE PETRÓLEO Y GAS NATURAL,True
455,OPERADOR DE PLANTAS DE TRATAMIENTO Y/O POTABILIZACIÓN,True
456,OPERADOR DE PRENSA DE SUAJES,True
457,OPERADOR DE PRENSAS DE IMPRESIÓN,True
458,OPERADOR DE PROCESADORAS DE REVELADO DE FOTOGRAFÍAS Y PELÍCULAS CINEMATOGRÁFICAS,True
459,OPERADOR DE REDES DE DISTRIBUCIÓN Y RECOLECCIÓN,True
460,OPERADOR DE REGISTRO DE DATOS,True
461,OPERADOR DE SISTEMAS DE ENERGÍA ELÉCTRICA,True
462,OPERADOR DE TELARES Y TEJEDORAS DE PRODUCTOS TEXTILES,True
463,OPERADOR DE TELÉFONO,True
464,OPERADOR DE TRACTOR E IMPLEMENTOS BÁSICOS Y ESPECIALIZADOS,True
465,"OPERADOR DEL PROCESO DE TRANSFORMACIÓN DE PETRÓLEO, GAS Y PRODUCTOS QUÍMICOS",True
466,OPERARIO DE SERVICIOS Y APOYO A LA MINERÍA SUBTERRÁNEA,True
467,OPERARIO EN LA ELABORACIÓN DE PRODUCTOS DE CERA Y PARAFINA,True
468,OPERARIO EN LA ELABORACIÓN DE PRODUCTOS QUÍMICOS,True
469,OPERARIO EN LA ELABORACIÓN MANUAL DE PUROS,True
470,OPERARIO EN LA PREPARACIÓN DE ALIMENTOS Y BEBIDAS,True
471,OPERARIO EN LA PRODUCCIÓN DE TEXTILES Y PRENDAS DE VESTIR,True
472,OPTOMETRISTA,True
473,PAGADOR Y COBRADOR,True
474,PANADERO,True
475,"PANADERO, PASTELERO Y CONFITERO",True
476,PARAMÉDICO EN AMBULANCIAS,True
477,PARTERA,True
478,PATRON DE BARCO PESQUERO,True
479,"PATRONISTA DE PRODUCTOS DE TELA, CUERO Y PIEL",True
480,"PAYASO, CIRQUERO, ACRÓBATA Y AFINES",True
481,PEGADOR DE MINAS Y CANTERAS,True
482,PELUQUERO,True
483,PEÓN,True
484,PERFORADOR DE CONSTRUCCIÓN,True
485,PERFORADOR DE POZOS DE PETRÓLEO Y GAS NATURAL,True
486,"PERIODISTA, REPORTERO Y REDACTOR",True
487,PESCADOR,True
488,PESCADOR DE EMBARCACIÓN,True
489,PILOTO DE AVIACIÓN E INSTRUCTOR DE VUELO,True
490,PILOTO Y CAPITAN DE PUERTOS,True
491,PINTOR AUTOMOTRIZ,True
492,PINTOR DE BROCHA GORDA,True
493,PINTOR,True
494,PINTOR Y RECUBRIDOR EN PROCESOS DE MANUFACTURA,True
495,PLANCHADOR,True
496,PLOMERO,True
497,PLOMERO E INSTALADOR DE TUBERÍA,True
498,POLICIA,True
499,PORTERO,True
500,PREPARADOR FISICO,True
501,PREPARADOR DE COMIDA RÁPIDA,True
502,PROBADORE DE COMPONENTES ELECTRÓNICOS,True
503,"PRODUCTOR Y DIRECTOR DE CINE, TELEVISIÓN Y TEATRO",True
504,PROFESIONAL EN LA PLANEACIÓN DE OBRAS DE INFRAESTRUCTURA,True
505,PROFESOR DE EDUCACIÓN MEDIA SUPERIOR,True
506,PROFESOR DE EDUCACIÓN PREESCOLAR Y JARDÍN DE NIÑOS,True
507,PROFESOR DE ESCUELA PRIMARIA,True
508,PROFESOR DE ESCUELA SECUNDARIA,True
509,PROFESOR DE IDIOMAS,True
510,PROFESOR DE TALLERES Y DE ARTES DE EDUCACIÓN MEDIA Y MEDIA SUPERIOR,True
511,PROFESOR E INSTRUCTOR DE PERSONAS INCAPACITADAS,True
512,PROFESOR UNIVERSITARIO,True
513,PROGRAMADOR ANALISTA,True
514,PROGRAMADOR DE RUTAS AÉREAS Y DE TRIPULACIÓN,True
515,PROGRAMADOR DE RUTAS Y TRIPULACIÓN DE TRANSPORTE TERRESTRE,True
516,PROMOTOR DE DIFUSIÓN CULTURAL,True
517,PROMOTOR DE SERVICIOS BANCARIOS Y FINANCIEROS,True
518,PROPAGANDISTA MÉDICO,True
519,PROTESISTA DE AUDIO,True
520,PROYECTISTA DE EQUIPO DE CONMUTACIÓN,True
521,PROYECTISTA DE REDES Y SISTEMAS DE TELEFONÍA,True
522,PSICÓLOGO,True
523,QUÍMICO,True
524,QUÍMICO ANALISTA,True
525,QUIROPRACTICO,True
526,REALIZADOR DE DIBUJOS ANIMADOS EN CINE Y TELEVISIÓN,True
527,"REALIZADOR DE EFECTOS ESPECIALES (IMAGEN Y AUDIO) EN CINE, TELEVISIÓN, RADIO Y TEATRO",True
528,RECEPCIONISTA ,True
529,REGISTRADOR Y COMPROBADOR DE POZOS PETROLEROS Y GAS NATURAL,True
530,RELOJERO Y REPARADOR DE RELOJES,True
531,REPARADOR DE APARATOS ELÉCTRICOS,True
532,REPARADOR DE ARTÍCULOS DE HULE,True
533,REPARADOR DE VÍAS,True
534,REPORTERO,True
535,REPRESENTANTE DE VENTAS AL MAYOREO,True
536,REPRESENTANTE DE VENTAS POR TELÉFONO O POR TELEVISIÓN,True
537,SALINERO,True
538,SASTRE,True
539,"SASTRE, MODISTO, SOMBRERERO Y PELETERO",True
540,SECRETARIA,True
541,SECRETARIO DE SERVICIOS ESCOLARES,True
542,SEGUNDO OFICIALES DE VUELO,True
543,SERIGRAFISTA,True
544,SIN OCUPACIÓN ,True
545,SOBANDERO,True
546,SOBRECARGO,True
547,"SOCIÓLOGO, ANTROPÓLOGO E HISTORIADOR",True
548,SOCORRISTA,True
549,SOLDADO ,True
550,SOLDADORES Y OXICORTADORES,True
551,SONOGRAFISTA MÉDICO,True
552,SUPERVISOR ,True
553,SUPERVISOR AVÍCOLAS Y GANADEROS,True
554,SUPERVISOR DE ALBAÑILERÍA,True
555,SUPERVISOR DE ASISTENTES DE BIBLIOTECA,True
556,SUPERVISOR DE CAMPO DE REDES PÚBLICAS DE TELECOMUNICACIONES Y SISTEMA DE TELEVISIÓN POR CABLE,True
557,SUPERVISOR DE CARPINTERÍA,True
558,SUPERVISOR DE COMERCIO,True
559,SUPERVISOR DE CONSTRUCCIÓN,True
560,SUPERVISOR DE ENSAMBLADO DE VEHÍCULOS AUTOMOTRICES,True
561,SUPERVISOR DE HERREROS DE CONSTRUCCIÓN,True
562,SUPERVISOR DE IMPRESORES Y OCUPACIONES RELACIONADAS,True
563,SUPERVISOR DE INSTALADORES DE TUBERÍA,True
564,SUPERVISOR DE LA FABRICACION DE ELECTRÓNICOS,True
565,SUPERVISOR DE LA PERFORACIÓN Y SERVICIO A POZOS DE PETRÓLEO Y GAS NATURAL,True
566,SUPERVISOR DE LAVANDERÍA Y TINTORERÍA,True
567,SUPERVISOR DE MANTENIMIENTO MECÁNICO DE MAQUINARIA INDUSTRIAL Y DE CONSTRUCCIÓN,True
568,SUPERVISOR DE MANTENIMIENTO MECÁNICO DE VEHÍCULOS DE TRANSPORTE,True
569,SUPERVISOR DE MAQUINADO DE METALES,True
570,SUPERVISOR DE MINERÍA Y DE EXPLOTACIÓN DE CANTERAS,True
571,"SUPERVISOR DE MOLDEADO, LAMINADO Y MONTAJE DE PIEZAS METÁLICAS",True
572,SUPERVISOR DE OPERACIONES DEL TRANSPORTE FERROVIARIO,True
573,SUPERVISOR DE OPERADORES DE EQUIPO DE CONSTRUCCIÓN,True
574,SUPERVISOR DE PARQUES Y JARDINES,True
575,SUPERVISOR DE PLANTAS DE TRATAMIENTO Y POTABILIZACIÓN DE AGUA,True
576,SUPERVISOR DE SERVICIOS DE TRANSPORTE AL USUARIO,True
577,SUPERVISOR DE SILVICULTURA Y EXPLOTACIÓN FORESTAL,True
578,SUPERVISOR DE SISTEMAS DE COMUNICACIÓN PARA LA AERONAVEGACIÓN,True
579,SUPERVISOR DE TRABAJADORES EN PROCESOS QUÍMICOS,True
580,"SUPERVISOR DEL PROCESAMIENTO DE ALIMENTOS, BEBIDAS Y TABACO",True
581,SUPERVISOR DEL PROCESAMIENTO DE METALES,True
582,SUPERVISOR DEL PROCESAMIENTO DE MINERALES,True
583,SUPERVISOR DEL PROCESAMIENTO DE MINERALES NO METÁLICOS,True
584,SUPERVISOR DEL PROCESAMIENTO TEXTIL,True
585,SUPERVISOR EN EL PROCESAMIENTO DE PRODUCTOS FORESTALES,True
586,"SUPERVISOR EN LA CONFECCIÓN DE PRODUCTOS A BASE DE TELA, PIEL Y CUERO",True
587,SUPERVISOR EN LA FABRICACIÓN DE MUEBLES Y ACCESORIOS,True
588,SUPERVISOR EN LA FABRICACIÓN DE PRODUCTOS DE HULE O PLÁSTICO,True
589,SUPERVISOR EN LA FABRICACION DE PRODUCTOS ELÉCTRICOS,True
590,SUPERVISOR EN LA FABRICACIÓN Y ENSAMBLE DE PRODUCTOS METÁLICOS Y MECÁNICOS,True
591,"SUPERVISOR EN LA FABRICACIÓN Y MONTAJE DE ARTÍCULOS DEPORTIVOS, DE JOYERÍA, JUGUETES Y SIMILARES",True
592,SUPERVISOR EN TALLERES DE LENTES ÓPTICAS,True
593,TABLAJERO,True
594,TABLAROQUERO,True
595,TALABARTERO,True
596,TAPICERO,True
597,TAQUILLERO,True
598,TECHADOR Y TEJADOR,True
599,TÉCNICO CONSTRUCTOR DE REDES PÚBLICAS DE TELECOMUNICACIONES Y SISTEMA DE TELEVISIÓN POR CABLE,True
600,TÉCNICO DE CENTRO DE RECEPCIÓN Y CONTROL DE REDES PÚBLICAS DE TELECOMUNICACIONES Y SISTEMA DE TELEVISIÓN POR CABLE,True
601,TÉCNICO DE GRABACIÓN DE AUDIO Y VÍDEO,True
602,TÉCNICO DE LABORATORIO MÉDICO,True
603,TÉCNICO DIETISTA,True
604,TÉCNICO EN CARDIOLOGÍA,True
605,TÉCNICO EN CONSTRUCCIÓN Y CÁLCULO DE OBRAS DE INGENIERIA,True
606,TÉCNICO EN ELECTROENCEFALOGRAMAS,True
607,TÉCNICO EN ELECTROMIOGRAFÍA,True
608,TÉCNICO EN INGENIERÍA ELÉCTRICA,True
609,TÉCNICO EN INGENIERÍA ELECTRÓNICA,True
610,TÉCNICO EN INGENIERÍA INDUSTRIAL Y DE PRODUCCIÓN,True
611,TÉCNICO EN INGENIERÍA MECÁNICA DE VEHÍCULOS DE TRANSPORTE,True
612,TÉCNICO EN INGENIERÍA MECÁNICA INDUSTRIAL Y DE CONSTRUCCIÓN,True
613,TÉCNICO EN MANTENIMIENTO DE REDES PÚBLICAS DE TELECOMUNICACIONES Y SISTEMA DE TELEVISIÓN POR CABLE,True
614,TÉCNICOS EN MEDICINAS ALTERNAS,True
615,TÉCNICO EN OPTOMETRÍA,True
616,TÉCNICO EN PROGRAMAS DE SALUD,True
617,TÉCNICO EN PRÓTESIS Y APARATOS ORTOPÉDICOS,True
618,TÉCNICO EN QUÍMICA APLICADA,True
619,TÉCNICO EN RADIACIÓN MEDICINAL,True
620,"TÉCNICO EN REFRIGERACIÓN, AIRE ACONDICIONADO Y CALEFACCIÓN",True
621,TÉCNICO EN SALUD ANIMAL,True
622,TÉCNICO EN TERAPIA Y EVALUACIÓN,True
623,TÉCNICO EN TOPOGRAFÍA,True
624,TÉCNICO FORESTAL Y SILVÍCOLA,True
625,TÉCNICO GEOLÓGICO Y DE MINERALES,True
626,TÉCNICO INSTALADOR Y CANCELADOR DE REDES PÚBLICAS DE TELECOMUNICACIONES Y SISTEMA DE TELEVISIÓN POR CABLE,True
627,TÉCNICO ORTOPEDISTA,True
628,TÉCNICO PROGRAMADOR EN INFORMÁTICA,True
629,TÉCNICO PROTESISTA DENTAL,True
630,TÉCNICO PROTESISTA OCULAR,True
631,TELEGRAFISTA Y RADIO-OPERADOR,True
632,TERAPEUTA OCUPACIONAL Y RECREATIVO,True
633,TIPÓGRAFO,True
634,TRABAJADOR AGRÍCOLA,True
635,TRABAJADOR AUXILIAR EN EL PROCESAMIENTO DE LA MADERA,True
636,TRABAJADOR AUXILIAR EN LA MATANZA Y LA PREPARACIÓN DE CARNE,True
637,TRABAJADOR AUXILIAR EN PROCESOS TEXTILES,True
638,TRABAJADOR DE CUBIERTA DE LA MARINA MERCANTE,True
639,TRABAJADOR DE FUNDICIÓN DE METALES,True
640,TRABAJADOR DE PATIO EN FERROCARRILES,True
641,TRABAJADOR DE SERVICIO SOCIAL Y DE LA COMUNIDAD,True
642,TRABAJADOR DE VIVEROS E INVERNADEROS,True
643,TRABAJADOR EN EL CURTIDO DE CUERO Y PIEL,True
644,TRABAJADOR EN EL PROCESAMIENTO DE PRODUCTOS QUÍMICOS,True
645,TRABAJADOR EN EL PROCESAMIENTO DEL PESCADO,True
646,TRABAJADOR EN LA CRÍA Y CUIDADO DE AVES Y GANADO,True
647,TRABAJADOR EN LA CRÍA Y CULTIVO DE ESPECIES MARINAS,True
648,"TRABAJADOR EN LA ELABORACIÓN DE ALIMENTOS, BEBIDAS Y TABACO",True
649,TRABAJADOR EN LA ELABORACIÓN DE PRODUCTOS IMPRESOS,True
650,TRABAJADOR FORMADOR Y ACABADOR DE PRODUCTOS DE CONCRETO,True
651,TRABAJADOR SILVÍCOLA Y FORESTAL,True
652,TRABAJADOR Y AYUDANTE DE TOPOGRAFÍA,True
653,TRADUCTOR,True
654,VALUADOR,True
655,VELADOR,True
656,VENDEDOR AMBULANTE,True
657,VENDEDOR ESPECIALIZADO,True
658,VENDEDOR Y DEMOSTRADOR DE PUERTA EN PUERTA,True
659,VETERINARIO,True
660,VIDRIERO,True
661,VULCANIZADOR,True
662,YESERO Y ENLUCIDORE,True
663,ZAPATERO ,True
664,ZAPATERO Y REPARADOR DE CALZADO,True
665,PRESTADOR DE SERVICIOS PROFESIONALES,True
666,ENCARGADO DE FUENTE DE SODAS,True
667,ARQUITECTO,True
668,INGENIERO FORESTAL,True
669,CABO DE TRANSMISIONES,True
670,ADMINISTRATIVO,True
671,ANALISTA G,True
672,EMPRESARIA,True
673,LICENCIATURA EN INFORMATICA,True
674,PILOTO AVIADOR,True
675,JUBILADO,True
676,SERVIDOR PUBLICO,True
677,EMPLEADA ESCOLAR,True
678,"COORDINACION REIONAL ""A""",True
679,BIENES RAICES,True
680,PROFESORA,True
681,NINGUNA,True
682,AREA JURÍDICA,True
683,EMPLEADA,True
684,MAESTRIA EN DERECHO DE EMPRESA,True
685,ENCARGADA,True
686,CATEDRATICO,True
687,MAESTRO (A),True
688,LICENCIADO,True
689,ABOGADO,True
690,AGENTE DE SEGUROS,True
691,CONTADOR PUBLICO,True
692,AUDITOR,True
693,PENSIONADO (A),True
694,PROFESOR (A),True
695,OBRERO,True
696,PROFESOR (A) DE EDUCACION,True
697,COORDINADOR DE GIRAS DE LA COMISION DE LOS DERECHOS HUMANOS,True
698,CULTORA DE BELLEZA,True
699,EMPLEADO,True
700,TRANSPORTISTA,True
701,EMPLEADA ADMINISTRATIVO,True
702,SUPERVISORA ESCOLAR,True
703,EMPRESARIO,True
704,EDUCADORA ,True
705,ENTRANADOR,True
706,TENIENTE DE INFANTERIA,True
707,GANADERO,True
708,DELEGADO MUNICIPAL,True
709,DESEMPLEADO,True
710,ORIENTADOR VOCACIONAL,True
711,OFICIOS DEL HOGAR,True
712,BUROCRATA,True
713,ING. AGRICOLA,True
714,PRUEBA ACTUALIZADA,False
715,TESTADDADSDADASDASDAD,True
